{"RandomForest": {"Accuracy": 0.47884615384615387, "Precision": 0.5287826662830825, "Recall": 0.47884615384615387, "F1-score": 0.48233880030145854}, "LogisticRegression": {"Accuracy": 0.6169871794871795, "Precision": 0.6207978928862782, "Recall": 0.6169871794871795, "F1-score": 0.6142990869966697}, "NaiveBayes": {"Accuracy": 0.6419871794871795, "Precision": 0.6457575181002901, "Recall": 0.6419871794871795, "F1-score": 0.642273909540933}}